{
    "i":[
        [
            1627,
            3457,
            176,
            2923,
            1495,
            1374,
            811,
            3485,
            3626,
            2325
        ]
    ],
    "x":[
        [
            0.6136363636363638,
            0.5714285714285714,
            0.34259259259259256,
            0.04657980456026145,
            0.6666666666666667,
            0.30000000000000004,
            0.5,
            0.0,
            0.0,
            0.0,
            1.0,
            0.0
        ],
        [
            0.38636363636363646,
            0.3571428571428571,
            0.2037037037037037,
            0.4374592833876232,
            0.6666666666666667,
            0.08000000000000002,
            1.0,
            0.19250425894378195,
            0.0,
            0.0,
            1.0,
            0.0
        ],
        [
            0.4545454545454546,
            0.42857142857142855,
            0.35648148148148145,
            0.42361563517915357,
            1.0,
            0.19,
            1.0,
            0.18739352640545145,
            0.0,
            0.0,
            1.0,
            1.0
        ],
        [
            0.7727272727272727,
            0.738095238095238,
            0.23148148148148145,
            0.26042345276873036,
            0.0,
            0.020000000000000004,
            0.0,
            0.30153321976149916,
            0.0,
            0.0,
            1.0,
            0.0
        ],
        [
            0.6136363636363638,
            0.5714285714285714,
            0.6805555555555556,
            0.44169381107492,
            0.0,
            0.73,
            0.0,
            0.0,
            0.0,
            0.0,
            1.0,
            1.0
        ],
        [
            0.2727272727272728,
            0.19047619047619047,
            0.18518518518518517,
            0.5052117263843652,
            0.3333333333333333,
            0.16666666666666669,
            0.5,
            0.0,
            0.0,
            0.0,
            1.0,
            0.0
        ],
        [
            0.6818181818181819,
            0.6666666666666666,
            0.15277777777777776,
            0.5068403908794803,
            0.3333333333333333,
            0.06,
            1.0,
            0.0,
            1.0,
            0.0,
            0.0,
            0.0
        ],
        [
            0.5454545454545454,
            0.5238095238095237,
            0.23148148148148145,
            0.5048859934853436,
            1.0,
            0.36000000000000004,
            1.0,
            0.0,
            0.0,
            0.0,
            1.0,
            1.0
        ],
        [
            0.6818181818181819,
            0.6666666666666666,
            0.05092592592592593,
            0.7496742671009784,
            1.0,
            0.08000000000000002,
            0.0,
            0.18057921635434412,
            0.0,
            0.0,
            0.0,
            1.0
        ],
        [
            0.5,
            0.45238095238095233,
            0.24074074074074076,
            0.31042345276873107,
            0.0,
            0.06999999999999999,
            1.0,
            0.2708688245315162,
            0.0,
            0.0,
            1.0,
            0.0
        ]
    ]
}